"filename", "language", "YAML", "Crystal", "Markdown", "JSON", "Zig", "Nim", "Nimble", "comment", "blank", "total"
"c:\Users\Aqua\Programming\Quantum\.cursor\environment.json", "JSON", 0, 0, 0, 7, 0, 0, 0, 0, 0, 7
"c:\Users\Aqua\Programming\Quantum\README.md", "Markdown", 0, 0, 82, 0, 0, 0, 0, 0, 27, 109
"c:\Users\Aqua\Programming\Quantum\docs\ja\http3_optimization.md", "Markdown", 0, 0, 123, 0, 0, 0, 0, 0, 53, 176
"c:\Users\Aqua\Programming\Quantum\docs\ja\nim_world_class_network.md", "Markdown", 0, 0, 193, 0, 0, 0, 0, 0, 61, 254
"c:\Users\Aqua\Programming\Quantum\rules\directory_structure.md", "Markdown", 0, 0, 394, 0, 0, 0, 0, 0, 24, 418
"c:\Users\Aqua\Programming\Quantum\rules\specifications.md", "Markdown", 0, 0, 437, 0, 0, 0, 0, 0, 135, 572
"c:\Users\Aqua\Programming\Quantum\rules\technical_requirements.md", "Markdown", 0, 0, 544, 0, 0, 0, 0, 0, 107, 651
"c:\Users\Aqua\Programming\Quantum\shard.yml", "YAML", 21, 0, 0, 0, 0, 0, 0, 3, 6, 30
"c:\Users\Aqua\Programming\Quantum\spec\page_spec.cr", "Crystal", 0, 24, 0, 0, 0, 0, 0, 0, 4, 28
"c:\Users\Aqua\Programming\Quantum\spec\resource_scheduler_spec.cr", "Crystal", 0, 19, 0, 0, 0, 0, 0, 2, 3, 24
"c:\Users\Aqua\Programming\Quantum\spec\spec_helper.cr", "Crystal", 0, 6, 0, 0, 0, 0, 0, 3, 1, 10
"c:\Users\Aqua\Programming\Quantum\src\crystal\bindings\nim\network.cr", "Crystal", 0, 398, 0, 0, 0, 0, 0, 74, 105, 577
"c:\Users\Aqua\Programming\Quantum\src\crystal\bindings\zig\renderer.cr", "Crystal", 0, 132, 0, 0, 0, 0, 0, 37, 44, 213
"c:\Users\Aqua\Programming\Quantum\src\crystal\browser\app\main.cr", "Crystal", 0, 430, 0, 0, 0, 0, 0, 339, 91, 860
"c:\Users\Aqua\Programming\Quantum\src\crystal\browser\app\quantum_browser.cr", "Crystal", 0, 378, 0, 0, 0, 0, 0, 251, 70, 699
"c:\Users\Aqua\Programming\Quantum\src\crystal\browser\config\config.cr", "Crystal", 0, 242, 0, 0, 0, 0, 0, 20, 40, 302
"c:\Users\Aqua\Programming\Quantum\src\crystal\browser\dom\css.cr", "Crystal", 0, 490, 0, 0, 0, 0, 0, 119, 91, 700
"c:\Users\Aqua\Programming\Quantum\src\crystal\browser\dom\node.cr", "Crystal", 0, 552, 0, 0, 0, 0, 0, 110, 147, 809
"c:\Users\Aqua\Programming\Quantum\src\crystal\browser\dom_manager.cr", "Crystal", 0, 548, 0, 0, 0, 0, 0, 133, 154, 835
"c:\Users\Aqua\Programming\Quantum\src\crystal\browser\engine.cr", "Crystal", 0, 464, 0, 0, 0, 0, 0, 127, 94, 685
"c:\Users\Aqua\Programming\Quantum\src\crystal\browser\javascript_engine.cr", "Crystal", 0, 813, 0, 0, 0, 0, 0, 135, 197, 1145
"c:\Users\Aqua\Programming\Quantum\src\crystal\browser\layout_engine.cr", "Crystal", 0, 3765, 0, 0, 0, 0, 0, 736, 865, 5366
"c:\Users\Aqua\Programming\Quantum\src\crystal\browser\network\http3_client.cr", "Crystal", 0, 1819, 0, 0, 0, 0, 0, 359, 421, 2599
"c:\Users\Aqua\Programming\Quantum\src\crystal\browser\network\http3_early_data.cr", "Crystal", 0, 644, 0, 0, 0, 0, 0, 175, 149, 968
"c:\Users\Aqua\Programming\Quantum\src\crystal\browser\network\http3_errors.cr", "Crystal", 0, 233, 0, 0, 0, 0, 0, 28, 27, 288
"c:\Users\Aqua\Programming\Quantum\src\crystal\browser\network\http3_frames.cr", "Crystal", 0, 453, 0, 0, 0, 0, 0, 125, 124, 702
"c:\Users\Aqua\Programming\Quantum\src\crystal\browser\network\http3_network_manager.cr", "Crystal", 0, 713, 0, 0, 0, 0, 0, 105, 154, 972
"c:\Users\Aqua\Programming\Quantum\src\crystal\browser\network\http3_performance_monitor.cr", "Crystal", 0, 666, 0, 0, 0, 0, 0, 129, 130, 925
"c:\Users\Aqua\Programming\Quantum\src\crystal\browser\network\http3_quic_client.cr", "Crystal", 0, 858, 0, 0, 0, 0, 0, 233, 220, 1311
"c:\Users\Aqua\Programming\Quantum\src\crystal\browser\network\http3_varint.cr", "Crystal", 0, 134, 0, 0, 0, 0, 0, 34, 18, 186
"c:\Users\Aqua\Programming\Quantum\src\crystal\browser\network\javascript_parser.cr", "Crystal", 0, 590, 0, 0, 0, 0, 0, 109, 103, 802
"c:\Users\Aqua\Programming\Quantum\src\crystal\browser\network\network_factory.cr", "Crystal", 0, 734, 0, 0, 0, 0, 0, 137, 185, 1056
"c:\Users\Aqua\Programming\Quantum\src\crystal\browser\page.cr", "Crystal", 0, 1700, 0, 0, 0, 0, 0, 327, 401, 2428
"c:\Users\Aqua\Programming\Quantum\src\crystal\browser\rendering_engine.cr", "Crystal", 0, 4795, 0, 0, 0, 0, 0, 1309, 1179, 7283
"c:\Users\Aqua\Programming\Quantum\src\crystal\events\event_dispatcher.cr", "Crystal", 0, 546, 0, 0, 0, 0, 0, 241, 121, 908
"c:\Users\Aqua\Programming\Quantum\src\crystal\events\optimized_dispatcher.cr", "Crystal", 0, 349, 0, 0, 0, 0, 0, 83, 99, 531
"c:\Users\Aqua\Programming\Quantum\src\crystal\quantum_browser.cr", "Crystal", 0, 94, 0, 0, 0, 0, 0, 41, 20, 155
"c:\Users\Aqua\Programming\Quantum\src\crystal\quantum_core\config.cr", "Crystal", 0, 1129, 0, 0, 0, 0, 0, 103, 230, 1462
"c:\Users\Aqua\Programming\Quantum\src\crystal\quantum_core\css\css_engine.cr", "Crystal", 0, 0, 0, 0, 0, 0, 0, 0, 1, 1
"c:\Users\Aqua\Programming\Quantum\src\crystal\quantum_core\css\layout.cr", "Crystal", 0, 234, 0, 0, 0, 0, 0, 38, 34, 306
"c:\Users\Aqua\Programming\Quantum\src\crystal\quantum_core\css\manager.cr", "Crystal", 0, 134, 0, 0, 0, 0, 0, 26, 17, 177
"c:\Users\Aqua\Programming\Quantum\src\crystal\quantum_core\css\parser.cr", "Crystal", 0, 164, 0, 0, 0, 0, 0, 27, 17, 208
"c:\Users\Aqua\Programming\Quantum\src\crystal\quantum_core\dom\dom_node.cr", "Crystal", 0, 462, 0, 0, 0, 0, 0, 55, 103, 620
"c:\Users\Aqua\Programming\Quantum\src\crystal\quantum_core\dom\manager.cr", "Crystal", 0, 3604, 0, 0, 0, 0, 0, 530, 644, 4778
"c:\Users\Aqua\Programming\Quantum\src\crystal\quantum_core\engine.cr", "Crystal", 0, 3759, 0, 0, 0, 0, 0, 1779, 794, 6332
"c:\Users\Aqua\Programming\Quantum\src\crystal\quantum_core\navigation_history.cr", "Crystal", 0, 102, 0, 0, 0, 0, 0, 29, 17, 148
"c:\Users\Aqua\Programming\Quantum\src\crystal\quantum_core\page.cr", "Crystal", 0, 631, 0, 0, 0, 0, 0, 164, 94, 889
"c:\Users\Aqua\Programming\Quantum\src\crystal\quantum_core\page_manager.cr", "Crystal", 0, 217, 0, 0, 0, 0, 0, 20, 23, 260
"c:\Users\Aqua\Programming\Quantum\src\crystal\quantum_core\performance_monitor.cr", "Crystal", 0, 294, 0, 0, 0, 0, 0, 73, 95, 462
"c:\Users\Aqua\Programming\Quantum\src\crystal\quantum_core\resource_scheduler.cr", "Crystal", 0, 447, 0, 0, 0, 0, 0, 76, 97, 620
"c:\Users\Aqua\Programming\Quantum\src\crystal\quantum_core\security_context.cr", "Crystal", 0, 225, 0, 0, 0, 0, 0, 23, 28, 276
"c:\Users\Aqua\Programming\Quantum\src\crystal\quantum_core\storage\manager.cr", "Crystal", 0, 590, 0, 0, 0, 0, 0, 79, 77, 746
"c:\Users\Aqua\Programming\Quantum\src\crystal\quantum_storage\cache\cache_manager.cr", "Crystal", 0, 740, 0, 0, 0, 0, 0, 146, 191, 1077
"c:\Users\Aqua\Programming\Quantum\src\crystal\quantum_ui\address_bar.cr", "Crystal", 0, 50, 0, 0, 0, 0, 0, 10, 5, 65
"c:\Users\Aqua\Programming\Quantum\src\crystal\quantum_ui\components.cr", "Crystal", 0, 390, 0, 0, 0, 0, 0, 102, 83, 575
"c:\Users\Aqua\Programming\Quantum\src\crystal\quantum_ui\manager.cr", "Crystal", 0, 146, 0, 0, 0, 0, 0, 22, 21, 189
"c:\Users\Aqua\Programming\Quantum\src\crystal\quantum_ui\ui_layer.cr", "Crystal", 0, 1026, 0, 0, 0, 0, 0, 151, 180, 1357
"c:\Users\Aqua\Programming\Quantum\src\crystal\shard.yml", "YAML", 21, 0, 0, 0, 0, 0, 0, 0, 6, 27
"c:\Users\Aqua\Programming\Quantum\src\crystal\storage\bookmarks\bookmark_manager.cr", "Crystal", 0, 676, 0, 0, 0, 0, 0, 88, 148, 912
"c:\Users\Aqua\Programming\Quantum\src\crystal\storage\history\history_manager.cr", "Crystal", 0, 598, 0, 0, 0, 0, 0, 67, 104, 769
"c:\Users\Aqua\Programming\Quantum\src\crystal\storage\passwords\password_manager.cr", "Crystal", 0, 661, 0, 0, 0, 0, 0, 178, 190, 1029
"c:\Users\Aqua\Programming\Quantum\src\crystal\storage\preferences\preferences_manager.cr", "Crystal", 0, 318, 0, 0, 0, 0, 0, 65, 74, 457
"c:\Users\Aqua\Programming\Quantum\src\crystal\storage\storage_manager.cr", "Crystal", 0, 258, 0, 0, 0, 0, 0, 60, 62, 380
"c:\Users\Aqua\Programming\Quantum\src\crystal\storage\sync\sync_manager.cr", "Crystal", 0, 604, 0, 0, 0, 0, 0, 139, 157, 900
"c:\Users\Aqua\Programming\Quantum\src\crystal\ui\component.cr", "Crystal", 0, 12, 0, 0, 0, 0, 0, 18, 7, 37
"c:\Users\Aqua\Programming\Quantum\src\crystal\ui\components\address_bar.cr", "Crystal", 0, 1277, 0, 0, 0, 0, 0, 234, 257, 1768
"c:\Users\Aqua\Programming\Quantum\src\crystal\ui\components\content_area.cr", "Crystal", 0, 1119, 0, 0, 0, 0, 0, 270, 262, 1651
"c:\Users\Aqua\Programming\Quantum\src\crystal\ui\components\context_menu.cr", "Crystal", 0, 450, 0, 0, 0, 0, 0, 94, 92, 636
"c:\Users\Aqua\Programming\Quantum\src\crystal\ui\components\navigation_controls.cr", "Crystal", 0, 1392, 0, 0, 0, 0, 0, 307, 298, 1997
"c:\Users\Aqua\Programming\Quantum\src\crystal\ui\components\network_status_overlay.cr", "Crystal", 0, 252, 0, 0, 0, 0, 0, 48, 55, 355
"c:\Users\Aqua\Programming\Quantum\src\crystal\ui\components\settings_interface.cr", "Crystal", 0, 541, 0, 0, 0, 0, 0, 83, 119, 743
"c:\Users\Aqua\Programming\Quantum\src\crystal\ui\components\side_panel.cr", "Crystal", 0, 3344, 0, 0, 0, 0, 0, 495, 629, 4468
"c:\Users\Aqua\Programming\Quantum\src\crystal\ui\components\smooth_renderer.cr", "Crystal", 0, 417, 0, 0, 0, 0, 0, 119, 131, 667
"c:\Users\Aqua\Programming\Quantum\src\crystal\ui\components\status_bar.cr", "Crystal", 0, 779, 0, 0, 0, 0, 0, 124, 148, 1051
"c:\Users\Aqua\Programming\Quantum\src\crystal\ui\components\tab_bar.cr", "Crystal", 0, 528, 0, 0, 0, 0, 0, 132, 120, 780
"c:\Users\Aqua\Programming\Quantum\src\crystal\ui\layout_engine.cr", "Crystal", 0, 1382, 0, 0, 0, 0, 0, 313, 331, 2026
"c:\Users\Aqua\Programming\Quantum\src\crystal\ui\manager.cr", "Crystal", 0, 607, 0, 0, 0, 0, 0, 96, 117, 820
"c:\Users\Aqua\Programming\Quantum\src\crystal\ui\screens\bookmarks\bookmarks_view.cr", "Crystal", 0, 503, 0, 0, 0, 0, 0, 54, 99, 656
"c:\Users\Aqua\Programming\Quantum\src\crystal\ui\screens\history\history_view.cr", "Crystal", 0, 294, 0, 0, 0, 0, 0, 43, 66, 403
"c:\Users\Aqua\Programming\Quantum\src\crystal\ui\screens\settings\settings_panels\base_panel.cr", "Crystal", 0, 359, 0, 0, 0, 0, 0, 58, 93, 510
"c:\Users\Aqua\Programming\Quantum\src\crystal\ui\screens\settings\settings_panels\general_panel.cr", "Crystal", 0, 185, 0, 0, 0, 0, 0, 13, 25, 223
"c:\Users\Aqua\Programming\Quantum\src\crystal\ui\screens\settings\settings_view.cr", "Crystal", 0, 228, 0, 0, 0, 0, 0, 38, 53, 319
"c:\Users\Aqua\Programming\Quantum\src\crystal\ui\theme_engine.cr", "Crystal", 0, 163, 0, 0, 0, 0, 0, 34, 30, 227
"c:\Users\Aqua\Programming\Quantum\src\crystal\utils\logger.cr", "Crystal", 0, 39, 0, 0, 0, 0, 0, 6, 6, 51
"c:\Users\Aqua\Programming\Quantum\src\nim\bindings\crystal\binding.nim", "Nim", 0, 0, 0, 0, 0, 347, 0, 131, 114, 592
"c:\Users\Aqua\Programming\Quantum\src\nim\bindings\crystal\ipc.nim", "Nim", 0, 0, 0, 0, 0, 257, 0, 86, 71, 414
"c:\Users\Aqua\Programming\Quantum\src\nim\bindings\crystal\ui_components.nim", "Nim", 0, 0, 0, 0, 0, 415, 0, 274, 130, 819
"c:\Users\Aqua\Programming\Quantum\src\nim\bindings\module.nim", "Nim", 0, 0, 0, 0, 0, 40, 0, 33, 20, 93
"c:\Users\Aqua\Programming\Quantum\src\nim\bindings\zig\binding.nim", "Nim", 0, 0, 0, 0, 0, 305, 0, 138, 102, 545
"c:\Users\Aqua\Programming\Quantum\src\nim\bindings\zig\rendering.nim", "Nim", 0, 0, 0, 0, 0, 372, 0, 214, 174, 760
"c:\Users\Aqua\Programming\Quantum\src\nim\compression.nimble", "Nimble", 0, 0, 0, 0, 0, 0, 8, 3, 5, 16
"c:\Users\Aqua\Programming\Quantum\src\nim\compression\advanced\parallel_compression.nim", "Nim", 0, 0, 0, 0, 0, 343, 0, 84, 78, 505
"c:\Users\Aqua\Programming\Quantum\src\nim\compression\async\async_compression.nim", "Nim", 0, 0, 0, 0, 0, 1014, 0, 200, 266, 1480
"c:\Users\Aqua\Programming\Quantum\src\nim\compression\brotli.nim", "Nim", 0, 0, 0, 0, 0, 1060, 0, 243, 259, 1562
"c:\Users\Aqua\Programming\Quantum\src\nim\compression\brotli\brotli.nim", "Nim", 0, 0, 0, 0, 0, 294, 0, 79, 104, 477
"c:\Users\Aqua\Programming\Quantum\src\nim\compression\brotli\brotli_simd.nim", "Nim", 0, 0, 0, 0, 0, 139, 0, 37, 34, 210
"c:\Users\Aqua\Programming\Quantum\src\nim\compression\cache\compression_cache.nim", "Nim", 0, 0, 0, 0, 0, 533, 0, 105, 130, 768
"c:\Users\Aqua\Programming\Quantum\src\nim\compression\common\compression_base.nim", "Nim", 0, 0, 0, 0, 0, 372, 0, 100, 45, 517
"c:\Users\Aqua\Programming\Quantum\src\nim\compression\common\optimization.nim", "Nim", 0, 0, 0, 0, 0, 426, 0, 113, 111, 650
"c:\Users\Aqua\Programming\Quantum\src\nim\compression\deflate.nim", "Nim", 0, 0, 0, 0, 0, 27, 0, 73, 22, 122
"c:\Users\Aqua\Programming\Quantum\src\nim\compression\formats\adaptive_compression.nim", "Nim", 0, 0, 0, 0, 0, 470, 0, 117, 110, 697
"c:\Users\Aqua\Programming\Quantum\src\nim\compression\formats\hyper_compression.nim", "Nim", 0, 0, 0, 0, 0, 538, 0, 155, 152, 845
"c:\Users\Aqua\Programming\Quantum\src\nim\compression\formats\simd_compression.nim", "Nim", 0, 0, 0, 0, 0, 1848, 0, 393, 477, 2718
"c:\Users\Aqua\Programming\Quantum\src\nim\compression\gzip.nim", "Nim", 0, 0, 0, 0, 0, 30, 0, 58, 22, 110
"c:\Users\Aqua\Programming\Quantum\src\nim\compression\gzip\gzip.nim", "Nim", 0, 0, 0, 0, 0, 251, 0, 77, 93, 421
"c:\Users\Aqua\Programming\Quantum\src\nim\compression\gzip\gzip_simd.nim", "Nim", 0, 0, 0, 0, 0, 248, 0, 72, 70, 390
"c:\Users\Aqua\Programming\Quantum\src\nim\compression\hpack.nim", "Nim", 0, 0, 0, 0, 0, 221, 0, 46, 59, 326
"c:\Users\Aqua\Programming\Quantum\src\nim\compression\qpack.nim", "Nim", 0, 0, 0, 0, 0, 131, 0, 40, 41, 212
"c:\Users\Aqua\Programming\Quantum\src\nim\compression\test_compression.nim", "Nim", 0, 0, 0, 0, 0, 210, 0, 37, 63, 310
"c:\Users\Aqua\Programming\Quantum\src\nim\compression\zstd\zstd.nim", "Nim", 0, 0, 0, 0, 0, 245, 0, 70, 92, 407
"c:\Users\Aqua\Programming\Quantum\src\nim\compression\zstd\zstd_simd.nim", "Nim", 0, 0, 0, 0, 0, 173, 0, 54, 53, 280
"c:\Users\Aqua\Programming\Quantum\src\nim\cookies\README.md", "Markdown", 0, 0, 116, 0, 0, 0, 0, 0, 36, 152
"c:\Users\Aqua\Programming\Quantum\src\nim\cookies\cookie_integrations.nim", "Nim", 0, 0, 0, 0, 0, 544, 0, 88, 108, 740
"c:\Users\Aqua\Programming\Quantum\src\nim\cookies\cookie_types.nim", "Nim", 0, 0, 0, 0, 0, 168, 0, 35, 35, 238
"c:\Users\Aqua\Programming\Quantum\src\nim\cookies\extensions\cookie_compliance.nim", "Nim", 0, 0, 0, 0, 0, 503, 0, 97, 110, 710
"c:\Users\Aqua\Programming\Quantum\src\nim\cookies\extensions\cookie_extensions.nim", "Nim", 0, 0, 0, 0, 0, 349, 0, 87, 94, 530
"c:\Users\Aqua\Programming\Quantum\src\nim\cookies\extensions\cookie_manager_ext.nim", "Nim", 0, 0, 0, 0, 0, 351, 0, 96, 107, 554
"c:\Users\Aqua\Programming\Quantum\src\nim\cookies\main.nim", "Nim", 0, 0, 0, 0, 0, 420, 0, 66, 76, 562
"c:\Users\Aqua\Programming\Quantum\src\nim\cookies\main_extended.nim", "Nim", 0, 0, 0, 0, 0, 237, 0, 57, 52, 346
"c:\Users\Aqua\Programming\Quantum\src\nim\cookies\policy\cookie_policy.nim", "Nim", 0, 0, 0, 0, 0, 248, 0, 54, 70, 372
"c:\Users\Aqua\Programming\Quantum\src\nim\cookies\policy\policy_loader.nim", "Nim", 0, 0, 0, 0, 0, 246, 0, 39, 46, 331
"c:\Users\Aqua\Programming\Quantum\src\nim\cookies\security\cookie_security.nim", "Nim", 0, 0, 0, 0, 0, 257, 0, 88, 85, 430
"c:\Users\Aqua\Programming\Quantum\src\nim\cookies\security\secure_cookie_jar.nim", "Nim", 0, 0, 0, 0, 0, 270, 0, 66, 85, 421
"c:\Users\Aqua\Programming\Quantum\src\nim\cookies\store\cookie_store.nim", "Nim", 0, 0, 0, 0, 0, 416, 0, 95, 101, 612
"c:\Users\Aqua\Programming\Quantum\src\nim\network\cache\cache.nim", "Nim", 0, 0, 0, 0, 0, 403, 0, 79, 85, 567
"c:\Users\Aqua\Programming\Quantum\src\nim\network\cache\compression\compression.nim", "Nim", 0, 0, 0, 0, 0, 256, 0, 55, 55, 366
"c:\Users\Aqua\Programming\Quantum\src\nim\network\cache\disk\disk_cache.nim", "Nim", 0, 0, 0, 0, 0, 500, 0, 106, 144, 750
"c:\Users\Aqua\Programming\Quantum\src\nim\network\cache\http_cache_manager.nim", "Nim", 0, 0, 0, 0, 0, 408, 0, 106, 100, 614
"c:\Users\Aqua\Programming\Quantum\src\nim\network\cache\memory.nim", "Nim", 0, 0, 0, 0, 0, 276, 0, 63, 87, 426
"c:\Users\Aqua\Programming\Quantum\src\nim\network\cache\memory\memory_cache.nim", "Nim", 0, 0, 0, 0, 0, 457, 0, 92, 111, 660
"c:\Users\Aqua\Programming\Quantum\src\nim\network\cache\policy\cache_policy.nim", "Nim", 0, 0, 0, 0, 0, 394, 0, 106, 88, 588
"c:\Users\Aqua\Programming\Quantum\src\nim\network\cache\run_all_tests.nim", "Nim", 0, 0, 0, 0, 0, 73, 0, 7, 24, 104
"c:\Users\Aqua\Programming\Quantum\src\nim\network\cache\tests\cache_integration_test.nim", "Nim", 0, 0, 0, 0, 0, 241, 0, 32, 49, 322
"c:\Users\Aqua\Programming\Quantum\src\nim\network\cache\tests\run_cache_test.nim", "Nim", 0, 0, 0, 0, 0, 9, 0, 1, 3, 13
"c:\Users\Aqua\Programming\Quantum\src\nim\network\cache\tests\test_cache.nim", "Nim", 0, 0, 0, 0, 0, 160, 0, 27, 40, 227
"c:\Users\Aqua\Programming\Quantum\src\nim\network\dns\README.md", "Markdown", 0, 0, 83, 0, 0, 0, 0, 0, 29, 112
"c:\Users\Aqua\Programming\Quantum\src\nim\network\dns\cache.nim", "Nim", 0, 0, 0, 0, 0, 216, 0, 45, 53, 314
"c:\Users\Aqua\Programming\Quantum\src\nim\network\dns\cache\cache.nim", "Nim", 0, 0, 0, 0, 0, 127, 0, 32, 36, 195
"c:\Users\Aqua\Programming\Quantum\src\nim\network\dns\cache\entry.nim", "Nim", 0, 0, 0, 0, 0, 85, 0, 16, 20, 121
"c:\Users\Aqua\Programming\Quantum\src\nim\network\dns\cache\manager.nim", "Nim", 0, 0, 0, 0, 0, 516, 0, 96, 111, 723
"c:\Users\Aqua\Programming\Quantum\src\nim\network\dns\cache\statistics.nim", "Nim", 0, 0, 0, 0, 0, 42, 0, 5, 6, 53
"c:\Users\Aqua\Programming\Quantum\src\nim\network\dns\dns.nim", "Nim", 0, 0, 0, 0, 0, 197, 0, 37, 35, 269
"c:\Users\Aqua\Programming\Quantum\src\nim\network\dns\message.nim", "Nim", 0, 0, 0, 0, 0, 465, 0, 86, 116, 667
"c:\Users\Aqua\Programming\Quantum\src\nim\network\dns\packet.nim", "Nim", 0, 0, 0, 0, 0, 320, 0, 105, 109, 534
"c:\Users\Aqua\Programming\Quantum\src\nim\network\dns\records.nim", "Nim", 0, 0, 0, 0, 0, 346, 0, 28, 35, 409
"c:\Users\Aqua\Programming\Quantum\src\nim\network\dns\resolver.nim", "Nim", 0, 0, 0, 0, 0, 489, 0, 112, 140, 741
"c:\Users\Aqua\Programming\Quantum\src\nim\network\dns\resolver\standard.nim", "Nim", 0, 0, 0, 0, 0, 553, 0, 79, 116, 748
"c:\Users\Aqua\Programming\Quantum\src\nim\network\dns\resolver\tcp.nim", "Nim", 0, 0, 0, 0, 0, 366, 0, 91, 94, 551
"c:\Users\Aqua\Programming\Quantum\src\nim\network\dns\resolver\udp.nim", "Nim", 0, 0, 0, 0, 0, 246, 0, 69, 62, 377
"c:\Users\Aqua\Programming\Quantum\src\nim\network\dns\secure\dnssec.nim", "Nim", 0, 0, 0, 0, 0, 2335, 0, 567, 639, 3541
"c:\Users\Aqua\Programming\Quantum\src\nim\network\dns\secure\doh.nim", "Nim", 0, 0, 0, 0, 0, 603, 0, 103, 136, 842
"c:\Users\Aqua\Programming\Quantum\src\nim\network\dns\secure\dot.nim", "Nim", 0, 0, 0, 0, 0, 637, 0, 125, 175, 937
"c:\Users\Aqua\Programming\Quantum\src\nim\network\dns\tests\run_cache_test.nim", "Nim", 0, 0, 0, 0, 0, 5, 0, 0, 1, 6
"c:\Users\Aqua\Programming\Quantum\src\nim\network\dns\tests\run_resolver_test.nim", "Nim", 0, 0, 0, 0, 0, 5, 0, 0, 1, 6
"c:\Users\Aqua\Programming\Quantum\src\nim\network\dns\tests\runall.nim", "Nim", 0, 0, 0, 0, 0, 7, 0, 0, 1, 8
"c:\Users\Aqua\Programming\Quantum\src\nim\network\dns\tests\test_cache.nim", "Nim", 0, 0, 0, 0, 0, 135, 0, 13, 30, 178
"c:\Users\Aqua\Programming\Quantum\src\nim\network\dns\tests\test_resolver.nim", "Nim", 0, 0, 0, 0, 0, 102, 0, 22, 29, 153
"c:\Users\Aqua\Programming\Quantum\src\nim\network\http\client.nim", "Nim", 0, 0, 0, 0, 0, 1260, 0, 205, 295, 1760
"c:\Users\Aqua\Programming\Quantum\src\nim\network\http\client\advanced.nim", "Nim", 0, 0, 0, 0, 0, 607, 0, 106, 139, 852
"c:\Users\Aqua\Programming\Quantum\src\nim\network\http\client\core.nim", "Nim", 0, 0, 0, 0, 0, 291, 0, 60, 80, 431
"c:\Users\Aqua\Programming\Quantum\src\nim\network\http\headers\common.nim", "Nim", 0, 0, 0, 0, 0, 671, 0, 38, 65, 774
"c:\Users\Aqua\Programming\Quantum\src\nim\network\http\headers\constants.nim", "Nim", 0, 0, 0, 0, 0, 260, 0, 19, 36, 315
"c:\Users\Aqua\Programming\Quantum\src\nim\network\http\headers\parser.nim", "Nim", 0, 0, 0, 0, 0, 363, 0, 75, 103, 541
"c:\Users\Aqua\Programming\Quantum\src\nim\network\http\headers\types.nim", "Nim", 0, 0, 0, 0, 0, 954, 0, 123, 224, 1301
"c:\Users\Aqua\Programming\Quantum\src\nim\network\http\methods\common.nim", "Nim", 0, 0, 0, 0, 0, 390, 0, 32, 28, 450
"c:\Users\Aqua\Programming\Quantum\src\nim\network\http\methods\constants.nim", "Nim", 0, 0, 0, 0, 0, 211, 0, 26, 23, 260
"c:\Users\Aqua\Programming\Quantum\src\nim\network\http\methods\types.nim", "Nim", 0, 0, 0, 0, 0, 159, 0, 16, 13, 188
"c:\Users\Aqua\Programming\Quantum\src\nim\network\http\methods\utils.nim", "Nim", 0, 0, 0, 0, 0, 190, 0, 47, 38, 275
"c:\Users\Aqua\Programming\Quantum\src\nim\network\http\request.nim", "Nim", 0, 0, 0, 0, 0, 971, 0, 163, 229, 1363
"c:\Users\Aqua\Programming\Quantum\src\nim\network\http\utils.nim", "Nim", 0, 0, 0, 0, 0, 2885, 0, 513, 672, 4070
"c:\Users\Aqua\Programming\Quantum\src\nim\network\http\versions\negotiator.nim", "Nim", 0, 0, 0, 0, 0, 268, 0, 62, 52, 382
"c:\Users\Aqua\Programming\Quantum\src\nim\network\http\versions\parser.nim", "Nim", 0, 0, 0, 0, 0, 131, 0, 33, 33, 197
"c:\Users\Aqua\Programming\Quantum\src\nim\network\http\versions\types.nim", "Nim", 0, 0, 0, 0, 0, 185, 0, 21, 22, 228
"c:\Users\Aqua\Programming\Quantum\src\nim\network\main.nim", "Nim", 0, 0, 0, 0, 0, 57, 0, 8, 15, 80
"c:\Users\Aqua\Programming\Quantum\src\nim\network\optimization\README.md", "Markdown", 0, 0, 236, 0, 0, 0, 0, 0, 88, 324
"c:\Users\Aqua\Programming\Quantum\src\nim\network\optimization\optimization_manager.nim", "Nim", 0, 0, 0, 0, 0, 1230, 0, 283, 270, 1783
"c:\Users\Aqua\Programming\Quantum\src\nim\network\optimization\preconnect\preconnect_manager.nim", "Nim", 0, 0, 0, 0, 0, 463, 0, 95, 111, 669
"c:\Users\Aqua\Programming\Quantum\src\nim\network\optimization\prefetch\prefetch_manager.nim", "Nim", 0, 0, 0, 0, 0, 492, 0, 79, 100, 671
"c:\Users\Aqua\Programming\Quantum\src\nim\network\optimization\prioritization\resource_prioritization.nim", "Nim", 0, 0, 0, 0, 0, 434, 0, 78, 94, 606
"c:\Users\Aqua\Programming\Quantum\src\nim\network\protocols\README.md", "Markdown", 0, 0, 194, 0, 0, 0, 0, 0, 69, 263
"c:\Users\Aqua\Programming\Quantum\src\nim\network\protocols\ftp\ftp_client.nim", "Nim", 0, 0, 0, 0, 0, 613, 0, 192, 166, 971
"c:\Users\Aqua\Programming\Quantum\src\nim\network\protocols\ftp\ftp_types.nim", "Nim", 0, 0, 0, 0, 0, 311, 0, 123, 83, 517
"c:\Users\Aqua\Programming\Quantum\src\nim\network\protocols\sse\sse_client.nim", "Nim", 0, 0, 0, 0, 0, 240, 0, 84, 61, 385
"c:\Users\Aqua\Programming\Quantum\src\nim\network\protocols\sse\sse_types.nim", "Nim", 0, 0, 0, 0, 0, 50, 0, 12, 8, 70
"c:\Users\Aqua\Programming\Quantum\src\nim\network\protocols\webrtc\webrtc_client.nim", "Nim", 0, 0, 0, 0, 0, 582, 0, 203, 163, 948
"c:\Users\Aqua\Programming\Quantum\src\nim\network\protocols\webrtc\webrtc_types.nim", "Nim", 0, 0, 0, 0, 0, 80, 0, 28, 15, 123
"c:\Users\Aqua\Programming\Quantum\src\nim\network\protocols\websocket\websocket_client.nim", "Nim", 0, 0, 0, 0, 0, 481, 0, 81, 113, 675
"c:\Users\Aqua\Programming\Quantum\src\nim\network\protocols\websocket\websocket_frame.nim", "Nim", 0, 0, 0, 0, 0, 128, 0, 61, 41, 230
"c:\Users\Aqua\Programming\Quantum\src\nim\network\protocols\websocket\websocket_types.nim", "Nim", 0, 0, 0, 0, 0, 24, 0, 11, 6, 41
"c:\Users\Aqua\Programming\Quantum\src\nim\network\proxy\auto_config\proxy_auto_config.nim", "Nim", 0, 0, 0, 0, 0, 576, 0, 111, 121, 808
"c:\Users\Aqua\Programming\Quantum\src\nim\network\proxy\auto_config\wpad_client.nim", "Nim", 0, 0, 0, 0, 0, 541, 0, 142, 153, 836
"c:\Users\Aqua\Programming\Quantum\src\nim\network\proxy\cache\proxy_cache.nim", "Nim", 0, 0, 0, 0, 0, 464, 0, 44, 94, 602
"c:\Users\Aqua\Programming\Quantum\src\nim\network\proxy\http\http_proxy_client.nim", "Nim", 0, 0, 0, 0, 0, 647, 0, 222, 176, 1045
"c:\Users\Aqua\Programming\Quantum\src\nim\network\proxy\http\http_proxy_types.nim", "Nim", 0, 0, 0, 0, 0, 89, 0, 36, 22, 147
"c:\Users\Aqua\Programming\Quantum\src\nim\network\proxy\lb\proxy_load_balancer.nim", "Nim", 0, 0, 0, 0, 0, 423, 0, 77, 86, 586
"c:\Users\Aqua\Programming\Quantum\src\nim\network\proxy\monitor\proxy_monitor.nim", "Nim", 0, 0, 0, 0, 0, 580, 0, 70, 142, 792
"c:\Users\Aqua\Programming\Quantum\src\nim\network\proxy\proxy_manager.nim", "Nim", 0, 0, 0, 0, 0, 378, 0, 127, 98, 603
"c:\Users\Aqua\Programming\Quantum\src\nim\network\proxy\socks\socks_client.nim", "Nim", 0, 0, 0, 0, 0, 299, 0, 109, 81, 489
"c:\Users\Aqua\Programming\Quantum\src\nim\network\proxy\socks\socks_types.nim", "Nim", 0, 0, 0, 0, 0, 191, 0, 41, 35, 267
"c:\Users\Aqua\Programming\Quantum\src\nim\network\security\certificates\cert_transparency.nim", "Nim", 0, 0, 0, 0, 0, 919, 0, 186, 265, 1370
"c:\Users\Aqua\Programming\Quantum\src\nim\network\security\certificates\certificate_store.nim", "Nim", 0, 0, 0, 0, 0, 710, 0, 154, 164, 1028
"c:\Users\Aqua\Programming\Quantum\src\nim\network\security\csp\content_security_policy.nim", "Nim", 0, 0, 0, 0, 0, 399, 0, 79, 93, 571
"c:\Users\Aqua\Programming\Quantum\src\nim\network\security\dns\secure_dns.nim", "Nim", 0, 0, 0, 0, 0, 632, 0, 74, 143, 849
"c:\Users\Aqua\Programming\Quantum\src\nim\network\security\hsts\hsts_manager.nim", "Nim", 0, 0, 0, 0, 0, 513, 0, 106, 144, 763
"c:\Users\Aqua\Programming\Quantum\src\nim\network\security\mixed_content\mixed_content_detector.nim", "Nim", 0, 0, 0, 0, 0, 239, 0, 45, 54, 338
"c:\Users\Aqua\Programming\Quantum\src\nim\network\security\security_manager.nim", "Nim", 0, 0, 0, 0, 0, 332, 0, 72, 103, 507
"c:\Users\Aqua\Programming\Quantum\src\nim\network\security\tls\tls_config.nim", "Nim", 0, 0, 0, 0, 0, 261, 0, 36, 43, 340
"c:\Users\Aqua\Programming\Quantum\src\nim\privacy\blockers\tracker_blocker.nim", "Nim", 0, 0, 0, 0, 0, 1029, 0, 185, 224, 1438
"c:\Users\Aqua\Programming\Quantum\src\nim\privacy\fingerprinting\css_js_protection.nim", "Nim", 0, 0, 0, 0, 0, 571, 0, 47, 91, 709
"c:\Users\Aqua\Programming\Quantum\src\nim\privacy\fingerprinting\fingerprint_protector.nim", "Nim", 0, 0, 0, 0, 0, 556, 0, 109, 122, 787
"c:\Users\Aqua\Programming\Quantum\src\nim\privacy\fingerprinting\gpu_fingerprint_protector.nim", "Nim", 0, 0, 0, 0, 0, 576, 0, 92, 86, 754
"c:\Users\Aqua\Programming\Quantum\src\nim\privacy\fingerprinting\privacy_manager.nim", "Nim", 0, 0, 0, 0, 0, 521, 0, 63, 100, 684
"c:\Users\Aqua\Programming\Quantum\src\nim\privacy\fingerprinting\tls_fingerprint_protector.nim", "Nim", 0, 0, 0, 0, 0, 585, 0, 117, 127, 829
"c:\Users\Aqua\Programming\Quantum\src\nim\privacy\privacy_types.nim", "Nim", 0, 0, 0, 0, 0, 271, 0, 32, 26, 329
"c:\Users\Aqua\Programming\Quantum\src\nim\privacy\sanitization\data_sanitizer.nim", "Nim", 0, 0, 0, 0, 0, 369, 0, 95, 88, 552
"c:\Users\Aqua\Programming\Quantum\src\nim\quantum.nimble", "Nimble", 0, 0, 0, 0, 0, 0, 114, 14, 19, 147
"c:\Users\Aqua\Programming\Quantum\src\nim\quantum_arch\data\sharding.nim", "Nim", 0, 0, 0, 0, 0, 362, 0, 81, 108, 551
"c:\Users\Aqua\Programming\Quantum\src\nim\quantum_arch\ipc\ipc_channel.nim", "Nim", 0, 0, 0, 0, 0, 796, 0, 157, 157, 1110
"c:\Users\Aqua\Programming\Quantum\src\nim\quantum_arch\ipc\ipc_manager.nim", "Nim", 0, 0, 0, 0, 0, 1012, 0, 200, 296, 1508
"c:\Users\Aqua\Programming\Quantum\src\nim\quantum_arch\memory\memory_pool.nim", "Nim", 0, 0, 0, 0, 0, 326, 0, 87, 116, 529
"c:\Users\Aqua\Programming\Quantum\src\nim\quantum_arch\process\process_manager.nim", "Nim", 0, 0, 0, 0, 0, 580, 0, 114, 142, 836
"c:\Users\Aqua\Programming\Quantum\src\nim\quantum_arch\threading\safe_communication.nim", "Nim", 0, 0, 0, 0, 0, 290, 0, 61, 76, 427
"c:\Users\Aqua\Programming\Quantum\src\nim\quantum_arch\threading\thread_pool.nim", "Nim", 0, 0, 0, 0, 0, 685, 0, 181, 176, 1042
"c:\Users\Aqua\Programming\Quantum\src\nim\quantum_net\cache\cache_interface.nim", "Nim", 0, 0, 0, 0, 0, 409, 0, 100, 116, 625
"c:\Users\Aqua\Programming\Quantum\src\nim\quantum_net\cache\disk_cache.nim", "Nim", 0, 0, 0, 0, 0, 708, 0, 139, 173, 1020
"c:\Users\Aqua\Programming\Quantum\src\nim\quantum_net\cache\http3_disk_cache.nim", "Nim", 0, 0, 0, 0, 0, 749, 0, 167, 196, 1112
"c:\Users\Aqua\Programming\Quantum\src\nim\quantum_net\cache\memory_cache.nim", "Nim", 0, 0, 0, 0, 0, 503, 0, 98, 132, 733
"c:\Users\Aqua\Programming\Quantum\src\nim\quantum_net\connection_pool_manager.nim", "Nim", 0, 0, 0, 0, 0, 341, 0, 41, 86, 468
"c:\Users\Aqua\Programming\Quantum\src\nim\quantum_net\dns\cache.nim\cache_analytics.nim", "Nim", 0, 0, 0, 0, 0, 389, 0, 65, 97, 551
"c:\Users\Aqua\Programming\Quantum\src\nim\quantum_net\dns\cache.nim\dns_cache.nim", "Nim", 0, 0, 0, 0, 0, 526, 0, 129, 142, 797
"c:\Users\Aqua\Programming\Quantum\src\nim\quantum_net\dns\cache.nim\dns_prefetcher.nim", "Nim", 0, 0, 0, 0, 0, 240, 0, 53, 62, 355
"c:\Users\Aqua\Programming\Quantum\src\nim\quantum_net\dns\resolver.nim", "Nim", 0, 0, 0, 0, 0, 1518, 0, 280, 408, 2206
"c:\Users\Aqua\Programming\Quantum\src\nim\quantum_net\http\client.nim\http_client.nim", "Nim", 0, 0, 0, 0, 0, 1418, 0, 316, 421, 2155
"c:\Users\Aqua\Programming\Quantum\src\nim\quantum_net\http\http1.nim\http1_protocol.nim", "Nim", 0, 0, 0, 0, 0, 452, 0, 67, 137, 656
"c:\Users\Aqua\Programming\Quantum\src\nim\quantum_net\http\http2.nim\http2_protocol.nim", "Nim", 0, 0, 0, 0, 0, 758, 0, 143, 139, 1040
"c:\Users\Aqua\Programming\Quantum\src\nim\quantum_net\http\http3_protocol.nim", "Nim", 0, 0, 0, 0, 0, 525, 0, 88, 148, 761
"c:\Users\Aqua\Programming\Quantum\src\nim\quantum_net\optimizer_config.nim", "Nim", 0, 0, 0, 0, 0, 494, 0, 76, 74, 644
"c:\Users\Aqua\Programming\Quantum\src\nim\quantum_net\protocols\http3\client.nim", "Nim", 0, 0, 0, 0, 0, 548, 0, 141, 163, 852
"c:\Users\Aqua\Programming\Quantum\src\nim\quantum_net\protocols\http3\early_data.nim", "Nim", 0, 0, 0, 0, 0, 1524, 0, 413, 369, 2306
"c:\Users\Aqua\Programming\Quantum\src\nim\quantum_net\protocols\http3\errors.nim", "Nim", 0, 0, 0, 0, 0, 382, 0, 51, 52, 485
"c:\Users\Aqua\Programming\Quantum\src\nim\quantum_net\protocols\http3\frames.nim", "Nim", 0, 0, 0, 0, 0, 517, 0, 66, 104, 687
"c:\Users\Aqua\Programming\Quantum\src\nim\quantum_net\protocols\http3\http3_client.nim", "Nim", 0, 0, 0, 0, 0, 1268, 0, 315, 382, 1965
"c:\Users\Aqua\Programming\Quantum\src\nim\quantum_net\protocols\http3\http3_datagram.nim", "Nim", 0, 0, 0, 0, 0, 414, 0, 81, 82, 577
"c:\Users\Aqua\Programming\Quantum\src\nim\quantum_net\protocols\http3\http3_protocol.nim", "Nim", 0, 0, 0, 0, 0, 837, 0, 182, 215, 1234
"c:\Users\Aqua\Programming\Quantum\src\nim\quantum_net\protocols\http3\http3_settings.nim", "Nim", 0, 0, 0, 0, 0, 769, 0, 161, 153, 1083
"c:\Users\Aqua\Programming\Quantum\src\nim\quantum_net\protocols\http3\http3_stream.nim", "Nim", 0, 0, 0, 0, 0, 445, 0, 104, 130, 679
"c:\Users\Aqua\Programming\Quantum\src\nim\quantum_net\protocols\http3\qpack_decoder.nim", "Nim", 0, 0, 0, 0, 0, 291, 0, 78, 118, 487
"c:\Users\Aqua\Programming\Quantum\src\nim\quantum_net\protocols\http3\qpack_encoder.nim", "Nim", 0, 0, 0, 0, 0, 356, 0, 62, 74, 492
"c:\Users\Aqua\Programming\Quantum\src\nim\quantum_net\protocols\http3\server.nim", "Nim", 0, 0, 0, 0, 0, 1437, 0, 251, 273, 1961
"c:\Users\Aqua\Programming\Quantum\src\nim\quantum_net\protocols\http3\stream.nim", "Nim", 0, 0, 0, 0, 0, 282, 0, 67, 82, 431
"c:\Users\Aqua\Programming\Quantum\src\nim\quantum_net\protocols\http3_client.nim", "Nim", 0, 0, 0, 0, 0, 287, 0, 80, 86, 453
"c:\Users\Aqua\Programming\Quantum\src\nim\quantum_net\protocols\http3_settings.nim", "Nim", 0, 0, 0, 0, 0, 487, 0, 60, 59, 606
"c:\Users\Aqua\Programming\Quantum\src\nim\quantum_net\protocols\http3_stream.nim", "Nim", 0, 0, 0, 0, 0, 338, 0, 70, 83, 491
"c:\Users\Aqua\Programming\Quantum\src\nim\quantum_net\protocols\quic\crypto_perfect.nim", "Nim", 0, 0, 0, 0, 0, 129, 0, 65, 46, 240
"c:\Users\Aqua\Programming\Quantum\src\nim\quantum_net\protocols\quic\multipath_quic.nim", "Nim", 0, 0, 0, 0, 0, 475, 0, 124, 127, 726
"c:\Users\Aqua\Programming\Quantum\src\nim\quantum_net\protocols\quic\quic_client.nim", "Nim", 0, 0, 0, 0, 0, 1695, 0, 509, 497, 2701
"c:\Users\Aqua\Programming\Quantum\src\nim\quantum_net\protocols\quic\quic_congestion_control.nim", "Nim", 0, 0, 0, 0, 0, 296, 0, 91, 97, 484
"c:\Users\Aqua\Programming\Quantum\src\nim\quantum_net\protocols\quic\quic_frame_parser.nim", "Nim", 0, 0, 0, 0, 0, 601, 0, 41, 149, 791
"c:\Users\Aqua\Programming\Quantum\src\nim\quantum_net\protocols\quic\quic_packet_parser.nim", "Nim", 0, 0, 0, 0, 0, 351, 0, 90, 117, 558
"c:\Users\Aqua\Programming\Quantum\src\nim\quantum_net\protocols\quic\quic_packet_protection.nim", "Nim", 0, 0, 0, 0, 0, 656, 0, 189, 216, 1061
"c:\Users\Aqua\Programming\Quantum\src\nim\quantum_net\protocols\quic\quic_stream.nim", "Nim", 0, 0, 0, 0, 0, 395, 0, 74, 106, 575
"c:\Users\Aqua\Programming\Quantum\src\nim\quantum_net\protocols\quic\quic_v2_client.nim", "Nim", 0, 0, 0, 0, 0, 1673, 0, 487, 474, 2634
"c:\Users\Aqua\Programming\Quantum\src\nim\quantum_net\protocols\resource_predictor.nim", "Nim", 0, 0, 0, 0, 0, 352, 0, 92, 74, 518
"c:\Users\Aqua\Programming\Quantum\src\nim\quantum_net\security\tls\tls_client.nim", "Nim", 0, 0, 0, 0, 0, 2408, 0, 467, 739, 3614
"c:\Users\Aqua\Programming\Quantum\src\nim\quantum_net\websocket\protocol.nim", "Nim", 0, 0, 0, 0, 0, 469, 0, 91, 105, 665
"c:\Users\Aqua\Programming\Quantum\src\nim\quantum_shield\certificates\store.nim\store.nim", "Nim", 0, 0, 0, 0, 0, 406, 0, 41, 110, 557
"c:\Users\Aqua\Programming\Quantum\src\nim\quantum_shield\certificates\validator.nim\validator.nim", "Nim", 0, 0, 0, 0, 0, 510, 0, 59, 124, 693
"c:\Users\Aqua\Programming\Quantum\src\nim\quantum_shield\content_security\csp.nim", "Nim", 0, 0, 0, 0, 0, 223, 0, 3, 43, 269
"c:\Users\Aqua\Programming\Quantum\src\nim\quantum_shield\content_security\xss_protection.nim\xss_protection.nim", "Nim", 0, 0, 0, 0, 0, 448, 0, 107, 105, 660
"c:\Users\Aqua\Programming\Quantum\src\nim\quantum_shield\privacy\fingerprint.nim\fingerprint.nim", "Nim", 0, 0, 0, 0, 0, 666, 0, 71, 112, 849
"c:\Users\Aqua\Programming\Quantum\src\nim\quantum_shield\privacy\tracker_blocker.nim\tracker_blocker.nim", "Nim", 0, 0, 0, 0, 0, 1540, 0, 346, 364, 2250
"c:\Users\Aqua\Programming\Quantum\src\nim\quantum_shield\quantum_shield.nim", "Nim", 0, 0, 0, 0, 0, 741, 0, 205, 192, 1138
"c:\Users\Aqua\Programming\Quantum\src\nim\quantum_shield\sandbox\isolation.nim", "Nim", 0, 0, 0, 0, 0, 297, 0, 9, 41, 347
"c:\Users\Aqua\Programming\Quantum\src\nim\quantum_shield\sandbox\process.nim", "Nim", 0, 0, 0, 0, 0, 189, 0, 17, 39, 245
"c:\Users\Aqua\Programming\Quantum\src\nim\quantum_shield\webrtc\protection.nim", "Nim", 0, 0, 0, 0, 0, 458, 0, 88, 119, 665
"c:\Users\Aqua\Programming\Quantum\src\nim\quantum_shield\webrtc\test_webrtc_protection.nim", "Nim", 0, 0, 0, 0, 0, 245, 0, 38, 70, 353
"c:\Users\Aqua\Programming\Quantum\src\nim\quantum_shield\webrtc\webrtc_privacy.nim", "Nim", 0, 0, 0, 0, 0, 540, 0, 70, 109, 719
"c:\Users\Aqua\Programming\Quantum\src\nim\quantum_storage\bookmarks\manager.nim\manager.nim", "Nim", 0, 0, 0, 0, 0, 970, 0, 209, 294, 1473
"c:\Users\Aqua\Programming\Quantum\src\nim\quantum_storage\bookmarks\sync.nim\bookmarks_sync.nim", "Nim", 0, 0, 0, 0, 0, 706, 0, 125, 179, 1010
"c:\Users\Aqua\Programming\Quantum\src\nim\quantum_storage\bookmarks\sync.nim\sync.nim", "Nim", 0, 0, 0, 0, 0, 766, 0, 135, 169, 1070
"c:\Users\Aqua\Programming\Quantum\src\nim\quantum_storage\cache\manager.nim\manager.nim", "Nim", 0, 0, 0, 0, 0, 795, 0, 175, 201, 1171
"c:\Users\Aqua\Programming\Quantum\src\nim\quantum_storage\cache\storage.nim\storage.nim", "Nim", 0, 0, 0, 0, 0, 530, 0, 109, 129, 768
"c:\Users\Aqua\Programming\Quantum\src\nim\quantum_storage\cookies\policy.nim\policy.nim", "Nim", 0, 0, 0, 0, 0, 513, 0, 87, 116, 716
"c:\Users\Aqua\Programming\Quantum\src\nim\quantum_storage\cookies\store.nim\store.nim", "Nim", 0, 0, 0, 0, 0, 523, 0, 108, 142, 773
"c:\Users\Aqua\Programming\Quantum\src\nim\quantum_storage\history\store.nim\store.nim", "Nim", 0, 0, 0, 0, 0, 589, 0, 110, 163, 862
"c:\Users\Aqua\Programming\Quantum\src\nim\quantum_storage\history\timeline.nim\timeline.nim", "Nim", 0, 0, 0, 0, 0, 468, 0, 80, 128, 676
"c:\Users\Aqua\Programming\Quantum\src\nim\quantum_storage\preferences\settings.nim\settings.nim", "Nim", 0, 0, 0, 0, 0, 929, 0, 178, 238, 1345
"c:\Users\Aqua\Programming\Quantum\src\nim\quantum_storage\preferences\sync.nim\sync.nim", "Nim", 0, 0, 0, 0, 0, 391, 0, 81, 100, 572
"c:\Users\Aqua\Programming\Quantum\src\nim\quantum_storage\storage.nim", "Nim", 0, 0, 0, 0, 0, 139, 0, 25, 42, 206
"c:\Users\Aqua\Programming\Quantum\src\zig\.zig-cache\o\35ec329f0404fa5defcda012dc95b17a\dependencies.zig", "Zig", 0, 0, 0, 0, 2, 0, 0, 0, 1, 3
"c:\Users\Aqua\Programming\Quantum\src\zig\.zig-cache\o\ebd7ddab8ffe003267120d598aecce68\dependencies.zig", "Zig", 0, 0, 0, 0, 2, 0, 0, 0, 1, 3
"c:\Users\Aqua\Programming\Quantum\src\zig\bindings\ffi.zig", "Zig", 0, 0, 0, 0, 427, 0, 0, 102, 109, 638
"c:\Users\Aqua\Programming\Quantum\src\zig\browser\renderer.zig", "Zig", 0, 0, 0, 0, 512, 0, 0, 73, 118, 703
"c:\Users\Aqua\Programming\Quantum\src\zig\build.zig", "Zig", 0, 0, 0, 0, 199, 0, 0, 40, 51, 290
"c:\Users\Aqua\Programming\Quantum\src\zig\dom\a11y.zig", "Zig", 0, 0, 0, 0, 51, 0, 0, 7, 6, 64
"c:\Users\Aqua\Programming\Quantum\src\zig\dom\attribute.zig", "Zig", 0, 0, 0, 0, 147, 0, 0, 47, 33, 227
"c:\Users\Aqua\Programming\Quantum\src\zig\dom\cssselector.zig", "Zig", 0, 0, 0, 0, 462, 0, 0, 47, 106, 615
"c:\Users\Aqua\Programming\Quantum\src\zig\dom\document.zig", "Zig", 0, 0, 0, 0, 664, 0, 0, 343, 150, 1157
"c:\Users\Aqua\Programming\Quantum\src\zig\dom\dom_node.zig", "Zig", 0, 0, 0, 0, 1263, 0, 0, 151, 272, 1686
"c:\Users\Aqua\Programming\Quantum\src\zig\dom\element.zig", "Zig", 0, 0, 0, 0, 625, 0, 0, 133, 87, 845
"c:\Users\Aqua\Programming\Quantum\src\zig\dom\element_data.zig", "Zig", 0, 0, 0, 0, 197, 0, 0, 74, 45, 316
"c:\Users\Aqua\Programming\Quantum\src\zig\dom\elements\html_anchor_element.zig", "Zig", 0, 0, 0, 0, 417, 0, 0, 62, 95, 574
"c:\Users\Aqua\Programming\Quantum\src\zig\dom\elements\html_button_element.zig", "Zig", 0, 0, 0, 0, 137, 0, 0, 24, 28, 189
"c:\Users\Aqua\Programming\Quantum\src\zig\dom\elements\html_div_element.zig", "Zig", 0, 0, 0, 0, 18, 0, 0, 8, 5, 31
"c:\Users\Aqua\Programming\Quantum\src\zig\dom\elements\html_element.zig", "Zig", 0, 0, 0, 0, 320, 0, 0, 55, 46, 421
"c:\Users\Aqua\Programming\Quantum\src\zig\dom\elements\html_form_element.zig", "Zig", 0, 0, 0, 0, 538, 0, 0, 71, 61, 670
"c:\Users\Aqua\Programming\Quantum\src\zig\dom\elements\html_heading_element.zig", "Zig", 0, 0, 0, 0, 52, 0, 0, 14, 12, 78
"c:\Users\Aqua\Programming\Quantum\src\zig\dom\elements\html_image_element.zig", "Zig", 0, 0, 0, 0, 118, 0, 0, 24, 21, 163
"c:\Users\Aqua\Programming\Quantum\src\zig\dom\elements\html_input_element.zig", "Zig", 0, 0, 0, 0, 342, 0, 0, 48, 56, 446
"c:\Users\Aqua\Programming\Quantum\src\zig\dom\elements\html_paragraph_element.zig", "Zig", 0, 0, 0, 0, 50, 0, 0, 12, 13, 75
"c:\Users\Aqua\Programming\Quantum\src\zig\dom\elements\html_span_element.zig", "Zig", 0, 0, 0, 0, 18, 0, 0, 8, 5, 31
"c:\Users\Aqua\Programming\Quantum\src\zig\dom\event.zig", "Zig", 0, 0, 0, 0, 173, 0, 0, 40, 40, 253
"c:\Users\Aqua\Programming\Quantum\src\zig\dom\events\keyboard_event.zig", "Zig", 0, 0, 0, 0, 103, 0, 0, 27, 19, 149
"c:\Users\Aqua\Programming\Quantum\src\zig\dom\events\mouse_event.zig", "Zig", 0, 0, 0, 0, 137, 0, 0, 28, 22, 187
"c:\Users\Aqua\Programming\Quantum\src\zig\dom\events\ui_event.zig", "Zig", 0, 0, 0, 0, 201, 0, 0, 62, 46, 309
"c:\Users\Aqua\Programming\Quantum\src\zig\dom\mutations\mutation_observer.zig", "Zig", 0, 0, 0, 0, 289, 0, 0, 68, 74, 431
"c:\Users\Aqua\Programming\Quantum\src\zig\dom\mutations\mutation_observer_init.zig", "Zig", 0, 0, 0, 0, 20, 0, 0, 7, 4, 31
"c:\Users\Aqua\Programming\Quantum\src\zig\dom\mutations\mutation_record.zig", "Zig", 0, 0, 0, 0, 84, 0, 0, 20, 15, 119
"c:\Users\Aqua\Programming\Quantum\src\zig\dom\node.zig", "Zig", 0, 0, 0, 0, 941, 0, 0, 301, 198, 1440
"c:\Users\Aqua\Programming\Quantum\src\zig\dom\node_type.zig", "Zig", 0, 0, 0, 0, 52, 0, 0, 10, 7, 69
"c:\Users\Aqua\Programming\Quantum\src\zig\dom\text.zig", "Zig", 0, 0, 0, 0, 110, 0, 0, 54, 40, 204
"c:\Users\Aqua\Programming\Quantum\src\zig\dom\traversal\node_filter.zig", "Zig", 0, 0, 0, 0, 155, 0, 0, 69, 36, 260
"c:\Users\Aqua\Programming\Quantum\src\zig\dom\traversal\node_iterator.zig", "Zig", 0, 0, 0, 0, 259, 0, 0, 61, 83, 403
"c:\Users\Aqua\Programming\Quantum\src\zig\engine\core.zig", "Zig", 0, 0, 0, 0, 108, 0, 0, 33, 33, 174
"c:\Users\Aqua\Programming\Quantum\src\zig\engine\dom\node.zig", "Zig", 0, 0, 0, 0, 591, 0, 0, 38, 133, 762
"c:\Users\Aqua\Programming\Quantum\src\zig\engine\html\css_parser.zig", "Zig", 0, 0, 0, 0, 583, 0, 0, 72, 116, 771
"c:\Users\Aqua\Programming\Quantum\src\zig\engine\html\parser\html_parser.zig", "Zig", 0, 0, 0, 0, 1220, 0, 0, 139, 201, 1560
"c:\Users\Aqua\Programming\Quantum\src\zig\engine\html\parser\parser.zig", "Zig", 0, 0, 0, 0, 1689, 0, 0, 318, 294, 2301
"c:\Users\Aqua\Programming\Quantum\src\zig\engine\html\tokenizer\html_tokenizer.zig", "Zig", 0, 0, 0, 0, 1251, 0, 0, 90, 88, 1429
"c:\Users\Aqua\Programming\Quantum\src\zig\engine\html\tokenizer\tokenizer.zig", "Zig", 0, 0, 0, 0, 951, 0, 0, 94, 121, 1166
"c:\Users\Aqua\Programming\Quantum\src\zig\engine\layout\layout_engine.zig", "Zig", 0, 0, 0, 0, 1214, 0, 0, 151, 251, 1616
"c:\Users\Aqua\Programming\Quantum\src\zig\engine\main.zig", "Zig", 0, 0, 0, 0, 679, 0, 0, 111, 148, 938
"c:\Users\Aqua\Programming\Quantum\src\zig\engine\render\tile_renderer.zig", "Zig", 0, 0, 0, 0, 883, 0, 0, 154, 191, 1228
"c:\Users\Aqua\Programming\Quantum\src\zig\engine\renderer.zig", "Zig", 0, 0, 0, 0, 1311, 0, 0, 278, 269, 1858
"c:\Users\Aqua\Programming\Quantum\src\zig\events\event.zig", "Zig", 0, 0, 0, 0, 416, 0, 0, 130, 91, 637
"c:\Users\Aqua\Programming\Quantum\src\zig\events\event_listener.zig", "Zig", 0, 0, 0, 0, 135, 0, 0, 34, 30, 199
"c:\Users\Aqua\Programming\Quantum\src\zig\events\event_target.zig", "Zig", 0, 0, 0, 0, 503, 0, 0, 121, 111, 735
"c:\Users\Aqua\Programming\Quantum\src\zig\fonts\manager.zig", "Zig", 0, 0, 0, 0, 1317, 0, 0, 120, 283, 1720
"c:\Users\Aqua\Programming\Quantum\src\zig\javascript\engine.zig", "Zig", 0, 0, 0, 0, 955, 0, 0, 103, 217, 1275
"c:\Users\Aqua\Programming\Quantum\src\zig\javascript\js_engine.zig", "Zig", 0, 0, 0, 0, 2168, 0, 0, 211, 486, 2865
"c:\Users\Aqua\Programming\Quantum\src\zig\javascript\runtime.zig", "Zig", 0, 0, 0, 0, 0, 0, 0, 2, 0, 2
"c:\Users\Aqua\Programming\Quantum\src\zig\media\player.zig", "Zig", 0, 0, 0, 0, 1225, 0, 0, 182, 296, 1703
"c:\Users\Aqua\Programming\Quantum\src\zig\memory\allocator.zig", "Zig", 0, 0, 0, 0, 1058, 0, 0, 123, 299, 1480
"c:\Users\Aqua\Programming\Quantum\src\zig\memory\arena_allocator.zig", "Zig", 0, 0, 0, 0, 238, 0, 0, 52, 59, 349
"c:\Users\Aqua\Programming\Quantum\src\zig\memory\memory_manager.zig", "Zig", 0, 0, 0, 0, 293, 0, 0, 55, 70, 418
"c:\Users\Aqua\Programming\Quantum\src\zig\quantum_core\quantum_core.zig", "Zig", 0, 0, 0, 0, 467, 0, 0, 27, 104, 598
"c:\Users\Aqua\Programming\Quantum\src\zig\quantum_net\http\headers.zig", "Zig", 0, 0, 0, 0, 153, 0, 0, 37, 45, 235
"c:\Users\Aqua\Programming\Quantum\src\zig\quantum_net\http\http1.zig", "Zig", 0, 0, 0, 0, 351, 0, 0, 55, 90, 496
"c:\Users\Aqua\Programming\Quantum\src\zig\quantum_net\http\methods.zig", "Zig", 0, 0, 0, 0, 87, 0, 0, 10, 16, 113
"c:\Users\Aqua\Programming\Quantum\src\zig\quantum_net\http\status.zig", "Zig", 0, 0, 0, 0, 208, 0, 0, 17, 32, 257
"c:\Users\Aqua\Programming\Quantum\src\zig\quantum_net\http\versions.zig", "Zig", 0, 0, 0, 0, 68, 0, 0, 9, 16, 93
"c:\Users\Aqua\Programming\Quantum\src\zig\quantum_net\url.zig", "Zig", 0, 0, 0, 0, 455, 0, 0, 79, 103, 637
"c:\Users\Aqua\Programming\Quantum\src\zig\quantum_ram\memory_manager.zig", "Zig", 0, 0, 0, 0, 675, 0, 0, 99, 175, 949
"c:\Users\Aqua\Programming\Quantum\src\zig\simd\simd_ops.zig", "Zig", 0, 0, 0, 0, 632, 0, 0, 92, 140, 864
"c:\Users\Aqua\Programming\Quantum\src\zig\simd\vector_operations.zig", "Zig", 0, 0, 0, 0, 397, 0, 0, 53, 97, 547
"c:\Users\Aqua\Programming\Quantum\src\zig\util\validation.zig", "Zig", 0, 0, 0, 0, 125, 0, 0, 35, 21, 181
"c:\Users\Aqua\Programming\Quantum\src\zig\webapi\api.zig", "Zig", 0, 0, 0, 0, 0, 0, 0, 2, 0, 2
"c:\Users\Aqua\Programming\Quantum\src\zig\webapi\interface.zig", "Zig", 0, 0, 0, 0, 1579, 0, 0, 174, 356, 2109
"Total", "-", 42, 53919, 2402, 7, 33070, 99289, 122, 38731, 43907, 271489